{
  "project_info": {
    "project_number": "549090682482",
    "firebase_url": "https://friendlyeats-242912.firebaseio.com",
    "project_id": "friendlyeats-242912",
    "storage_bucket": "friendlyeats-242912.appspot.com"
  },
  "client": [
    {
      "client_info": {
        "mobilesdk_app_id": "1:549090682482:android:52ffd07685fa14108604eb",
        "android_client_info": {
          "package_name": "com.google.firebase.example.fireeats"
        }
      },
      "oauth_client": [
        {
          "client_id": "549090682482-o266jmcfanmcdvjetac79616nkcevmcs.apps.googleusercontent.com",
          "client_type": 3
        }
      ],
      "api_key": [
        {
          "current_key": "AIzaSyDBzTeELGbJHCaPGes88V4fmPwUIJYlaUA"
        }
      ],
      "services": {
        "appinvite_service": {
          "other_platform_oauth_client": [
            {
              "client_id": "549090682482-o266jmcfanmcdvjetac79616nkcevmcs.apps.googleusercontent.com",
              "client_type": 3
            }
          ]
        }
      }
    }
  ],
  "configuration_version": "1"
}